id,date_added,supply_date,generic_name,strength,trade_name,category,supplier,dosage_form,pack_size,cost_price,selling_price,total_purchased_quantity,expiration_date,added_by,updated_at
,,,ARTHEMETER LUMEFANTRINE,20/120,SHARLARTEM,ANTIPARASITIC,SHALINA,TABLET,24,595,714,0,2027-02-28,1,
,,,ARTHEMETER LUMEFANTRINE,80/480,FANTARTEN,ANTIPARASITIC,ASSEN LABOREX,TABLET,6,640,768,0,2026-03-31,1,
,,,ALBENDAZOLE,400mg,TANZOL,ANTIPARASITIC,SHALINA,TABLET,0,145,174,30,2026-11-30,1,
,,,AMITRYPTYLINE,25mg,AMITRYPTYLINE,ANTIDEPRESSANT,DONY TRIUMPH,TABLET,500,4000,4800,7,2024-10-31,1,
,,,AMIODIPINE,5mg,TAMADIPINE,ANTIHYPERTENSIVE,TAMAR & PHAREZ,TABLET,28,250,300,0,2026-03-31,1,
,,,AMIODIPINE,10mg,EMZOVASC,ANTIHYPERTENSIVE,EMZOR,TABLET,28,373.75,448.5,0,2025-02-28,1,
,,,ACECLOFENAC,100mg,ACIZIP,NSAID,CHANRAH,TABLET,100,2500,3000,339,2026-02-28,1,
,,,ACECLOFENAC,100mg,ACYCOR,NSAID,REALS,TABLET,100,2930,3516,0,2025-03-31,1,
,,,AMOXYCILLIN CLAVULANIC ACID,625mg,NOSCLAN,ANTIBIOTIC,GENEITH,TABLET,14,1380,1656,0,2024-08-31,1,
,,,AMOXYCILLIN CLAVULANIC ACID,625mg,KENOP,ANTIBIOTIC,AQUATIX,TABLET,14,1550,1860,0,2025-02-28,1,
,,,AMOXYCILLIN CLAVULANIC ACID,625mg,MEROCLAV,ANTIBIOTIC,EDENUK,TABLET,14,1400,1680,1300,2025-05-31,1,
,,,DIOSMINE+NESPERIDINE,,DAFLON,GASTROINTESTINAL,CHI PHARMA,TABLET,30,10296,12355.2,15,2026-04-30,1,
,,,DICLOFENAC,50mg,TAMAFAST,NSAID,TAMAR & PHAREZ,TABLET,10,150,180,150,2025-01-31,1,
,,,DICLOFENAC,50mg,DICLOFENAC,NSAID,IMPREST,TABLET,100,580,696,10,2026-09-30,1,
,,,MULTIVITAMIN,,MULTIVITAMIN,VITAMINS_MINERAL,IMPREST,TABLET,1000,3000,3600,1,2027-05-31,1,
,,,CEFUROXIME,250mg,CEFUROXIME,ANTIBIOTIC,FIDSON,TABLET,10,3740,4488,30,2025-09-30,1,
,,,CEFUROXIME,250mg,PULMOCEF,ANTIBIOTIC,GENEITH,TABLET,10,2847,3416.4,610,2027-01-31,1,
,,,CEFUROXIME,500mg,PULMOCEF,ANTIBIOTIC,GENEITH,TABLET,10,3059,3670.8,0,2026-07-31,1,
,,,CEFUROXIME,500mg,KEZITIL,ANTIBIOTIC,EMZOR,TABLET,10,3792,4550.4,870,2026-04-30,1,
,,,CEFIXIME,400MG,ZOFIXIME,ANTIBIOTIC,ZOLON,TABLET,10,3105,3726,0,2027-05-31,1,
,,,CEFIXIME,200mg,TRAFIX,ANTIBIOTIC,IEOTETRA,TABLET,10,2800,3360,0,2026-12-31,1,
,,,CIPROFLOXACIN,500mg,CENOX,ANTIBIOTIC,ELBE,TABLET,14,900,1080,0,2026-01-31,1,
,,,CIPROFLOXACIN,500mg,CIPROFLOXACIN,ANTIBIOTIC,FIDSON,TABLET,10,770,924,1930,2027-04-30,1,
,,,ALDACTONE,25mg,SPIRONOLACTONE,DIURETIC,DONY TRIUMPH,TABLET,500,6000,7200,20,2024-10-31,1,
,,,CALCIUM LACTATE,,CALCIUM L,VITAMINS_MINERAL,IMPREST,TABLET,1000,6000,7200,0,2026-02-28,1,
,,,IBUPROFEN,200mg,EBU-200,NSAID,ELBE,TABLET,100,2500,3000,0,2026-09-30,1,
,,,IBUPROFEN,400mg,PILPROFEN,NSAID,PHARMATEX,TABLET,100,1250,1500,0,2025-08-31,1,
,,,CLARITHROMYCIN,500mg,CLARY 500,ANTIBIOTIC,DONY TRIUMPH,TABLET,14,1900,2280,30,2026-01-31,1,
,,,APIXABAN,2.5mg,ELIQUIS,ANTICOAGULANT,WWCV,TABLET,60,48265,57918,17,2026-08-31,1,
,,,APIXABAN,5mg,ELIQUIS,ANTICOAGULANT,WWCV,TABLET,60,48265,57918,50,2026-08-31,1,
,,,METFORMIN,500mg,DIAPIL,ANTIDIABETIC,PHARMATEX,TABLET,100,680,816,214,2025-02-28,1,
,,,MISOPROSTOL,200mg,CYTOTEC,GASTROINTESTINAL,ZOLON,TABLET,10,111.33,133.596,30,2025-10-31,1,
,,,METRONIDAZOLE,200mg,METROSAM,ANTIBIOTIC,SAM,TABLET,100,770,924,320,2026-12-31,1,
,,,MOXIFLOXACIN,400mg,MICROMOX,ANTIBIOTIC,MICRONOVA,TABLET,10,6000,7200,60,2026-08-31,1,
,,,LEVOFLOXACIN,500mg,LIPOXIL,ANTIBIOTIC,ASSEN LABOREX,TABLET,100,9800,11760,200,2027-07-31,1,
,,,LEVOFLOXACIN,750mg,TERLEV,ANTIBIOTIC,MICRONOVA,TABLET,10,1572,1886.4,0,2024-12-31,1,
,,,LISINOPRIL,5mg,LIZOPRIL,ANTIHYPERTENSIVE,SAM,TABLET,28,275,330,0,2024-08-31,1,
,,,GRISEOFULVIN,500mg,GENEVIN,ANTIFUNGAL,GENEITH,TABLET,20,1035,1242,80,2025-07-31,1,
,,,PARACETAMOL,500mg,EMZOR PCM,ANALGESIC,EMZOR,TABLET,96,687.5,825,680,2028-09-30,1,
,,,PARACETAMOL,500mg,PARASAM,ANALGESIC,SAM,TABLET,96,790,948,0,2026-09-30,1,
,,,PARACETAMOL,500mg,LOTEMP,ANALGESIC,UNIQUE,TABLET,1000,4300,5160,0,2026-02-28,1,
,,,DICLOFENAC MISOPROSTOL,75mg,ARTHROTEC,NSAID,PFIZER,TABLET,100,21353,25623.6,0,2026-02-28,1,
,,,VITAMIN-C,100MG,CHEWABLE VIT-C,VITAMINS_MINERAL,NEIMETH,TABLET,100,760,912,1000,2025-12-31,1,
,,,VITAMIN-C,100mg,CHEWABLE VIT-C,VITAMINS_MINERAL,EMZOR,TABLET,100,437.5,525,100,2026-08-31,1,
,,,VITAMIN-C,100mg,EMVIT-C,VITAMINS_MINERAL,EMZOR,TABLET,1000,2000,2400,24,2026-03-31,1,
,,,VITAMIN-C,500mg,EMVIT-C,VITAMINS_MINERAL,EMZOR,TABLET,0,1178,1413.6,2987,2026-03-31,1,
,,,VITAMIN-C,1000mg,NAT-C,VITAMINS_MINERAL,MEGALIFE,TABLET,30,7290,8748,360,2025-09-30,1,
,,,FOLIC ACID,5mg,FOLIC ACID,VITAMINS_MINERAL,EMZOR,TABLET,1000,1223.75,1468.5,3,2026-09-30,1,
,,,VITAMIN B COMPLEX,,EM-B-FLEX,VITAMINS_MINERAL,EMZOR,TABLET,1000,751.3,901.56,5,2025-10-31,1,
,,,GLIMEPRIDE,2mg,PERGLIM,ANTIDIABETIC,MEGALIFE,TABLET,30,1000,1200,97,2025-10-31,1,
,,,NAPROXEN+ESOMEPRAZOLE,500mg,EPROXEN,NSAID,BIOGENERICS,TABLET,32,11445,13734,2480,2026-05-31,1,
,,,NAPROXEN,500mg,RELEV,NSAID,SWIPHA,TABLET,100,5700,6840,1,2026-07-31,1,
,,,LORATIDINE,10mg,LORATIDINE,ANTIHISTAMINE,ELBE,TABLET,100,750,900,255,2025-10-31,1,
,,,GLIBENCLAMIDE,5mg,GLIBENCLAMIDE,ANTIDIABETIC,DONY TRIUMPH,TABLET,100,700,840,0,2024-12-31,1,
,,,VILDAGLIPTIN,50mg,WILCREAS,ANTIDIABETIC,MICRONOVA,TABLET,30,6990,8388,20,2026-08-31,1,
,,,AMLODIPINE+HCT+VALCARTAN,5mg,POTENZA PLUS,ANTIHYPERTENSIVE,AFRAB CHEM,TABLET,30,4160,4992,43,2024-09-30,1,
,,,VALSARTAN+HCT,160mg,JOLTAN PUS,ANTIHYPERTENSIVE,AFRAB CHEM,TABLET,30,3700,4440,32,2026-03-31,1,
,,,PHENYRAMIDOL,400mg,REAL FLEX,MUSCLE_RELAXANT,REALS,TABLET,30,8030,9636,100,2026-01-31,1,
,,,METHYLDOPA,250mg,METHYLMET,ANTIHYPERTENSIVE,DONY TRIUMPH,TABLET,100,2700,3240,19,2025-02-28,1,
,,,TIZANIDINE,2mg,DEXILANT,MUSCLE_RELAXANT,IEOTETRA,TABLET,30,3200,3840,790,2026-06-30,1,
,,,LISINOPRIL,5mg,EMZOPRIL,ANTIHYPERTENSIVE,EMZOR,TABLET,28,310,372,0,2025-08-31,1,
,,,LISINOPRIL,10mg,TAMAPRIL,ANTIHYPERTENSIVE,TAMAR & PHAREZ,TABLET,28,350,420,0,2025-04-30,1,
,,,TIZANIDINE,2mg,LIBRE,MUSCLE_RELAXANT,RALPHONES,TABLET,100,11911,14293.2,600,2025-03-31,1,
,,,CHLORPHENIRAMINE,4mg,PIRITON,ANTIHISTAMINE,IMPREST,TABLET,1000,1000,1200,0,2026-07-31,1,
,,,SODIUM VALPROATE,200mg,RACE X,ANTICONVULSANT,DONY TRIUMPH,TABLET,100,3500,4200,10,2025-02-28,1,
,,,PREDNISOLONE,5mg,PREDNISAM,CORTICOSTEROID,SAM,TABLET,100,850,1020,12,2026-09-30,1,
,,,ONDASETRON,4mg,VOMET MD,ANTIEMETIC,EXCEL CHARIS,TABLET,100,6494,7792.8,9,2026-03-31,1,
,,,METFORMIN VILDAGLIPTIN,1000mg,GALVUS MET,ANTIDIABETIC,ASSEN LABOREX,TABLET,60,34000,40800,18,2026-01-31,1,
,,,ORPHENADRINE+PARACETAMOL,,MARCGESIC,MUSCLE_RELAXANT,MARCSON,TABLET,100,3750,4500,120,2025-12-31,1,
,,,HYOSCINE N BUTYL BRONIDE,10mg,JUCOPAN,GASTROINTESTINAL,AFRAB CHEM,TABLET,100,1200,1440,0,2024-09-30,1,
,,,SULPHADOZINE+PYRINETHAMINE,,PRIMALAR,ANTIBIOTIC,SAM,TABLET,3,170,204,0,2026-02-28,1,
,,,FERROUS SULPHATE,,FESCRATE,VITAMINS_MINERAL,IMPREST,TABLET,1000,1500,1800,0,2025-02-28,1,
,,,RABEPRAZOLE,,AZIRAB,GASTROINTESTINAL,CHANRAI,TABLET,10,500,600,50,2025-11-30,1,
,,,MELOXICAN,,MELOCAM,NSAID,MARCSON,TABLET,10,1000,1200,40,2025-12-31,1,
,,,ERYTHROMYCIN,500MG,ERYTHRO 500,ANTIBIOTIC,EMZOR,TABLET,10,1685,2022,5,2027-01-31,1,
,,,DAPZINE,5MG,DAPAGLIFLOZINE,ANTIDEPRESSANT,MICRONOVA,TABLET,30,7990,9588,48,2027-05-31,1,
,,,ZINC SULPHATE,,EMZOR ZINC SULPHATE,VITAMINS_MINERAL,EMZOR,TABLET,100,980,1176,48,2026-09-30,1,
,,,AZITHROMYCIN,,CIDALIX,ANTIBIOTIC,TAMAR & PHAREZ,SUSPENSION,15,1200,1440,30,2025-04-30,1,
,,,PARACETAMOL,,PARATEX,ANALGESIC,PHARMATEX,SYRUP,60,250,300,0,2026-10-31,1,
,,,PARACETAMOL,,PANCEMOL,ANALGESIC,NEIMETH,SYRUP,60,385,462,500,2027-05-31,1,
,,,PARACETAMOL,,FIDSON PCM,ANALGESIC,FIDSON,SYRUP,60,330,396,270,2027-04-30,1,
,,,ANTIACID,200,NAZANEEM,GASTROINTESTINAL,AQUATIX,SUSPENSION,200,1500,1800,100,2027-02-28,1,
,,,ERYTHROMYCIN,,ERYTHRO,ANTIBIOTIC,EMZOR,SUSPENSION,100,1320,1584,130,2027-09-30,1,
,,,CEFUROXIME,,SKYCIP,ANTIBIOTIC,DONY TRUIMPH,SUSPENSION,70,1200,1440,0,2025-05-31,1,
,,,CEFUROXIME,,MIRAXIM,ANTIBIOTIC,MIRAFLASH,SUSPENSION,100,3000,3600,150,2025-11-30,1,
,,,CEFIXIME,,EZCEF,ANTIBIOTIC,DONY TRUIMPH,SUSPENSION,100,1850,2220,100,2026-05-31,1,
,,,CEFIXIME,,MIRAFIX,ANTIBIOTIC,DONY TRUIMPH,SUSPENSION,100,1000,1200,30,2025-07-31,1,
,,,ALBENDAZOLE,,ALBEN-G,ANTIPARASITIC,GENEITH,SUSPENSION,10,138,165.6,75,2025-06-30,1,
,,,AMOXYCILLIN CLAVULANIC ACID,,KENOP,ANTIBIOTIC,AQUATIX,SUSPENSION,100,950,1140,0,2024-04-30,1,
,,,IBUPROFEN,,GENEFEN,NSAID,GENEITH,SUSPENSION,100,500,600,130,2025-06-30,1,
,,,IBUPROFEN,,TABUFEN,NSAID,FIDSON,SUSPENSION,100,605,726,530,2027-05-31,1,
,,,AMOXYCILLIN CLAVULANIC ACID,,AMOVIN,ANTIBIOTIC,EVANS,SUSPENSION,100,3300,3960,195,2025-11-30,1,
,,,ALBENDAZOLE,,TANZOL,ANTIPARASITIC,SHALINA,SUSPENSION,10,260,312,30,2026-10-31,1,
,,,AMOXYCILLIN,,MIRAMOX,ANTIBIOTIC,MIRAFLASH,SUSPENSION,100,800,960,20,2027-02-28,1,
,,,VITAMIN-C,,VITAMIN C,VITAMINS_MINERAL,FIDSON,SYRUP,100,465,558,312,2026-02-28,1,
,,,METRONIDAZOLE,,AMIBAGYL,ANTIBIOTIC,AFRAB,SUSPENSION,60,304,364.8,0,2025-11-30,1,
,,,METRONIDAZOLE,,UNIGYL,ANTIBIOTIC,UNIQUE,SUSPENSION,60,200,240,190,2026-06-30,1,
,,,COUGH (ADULT),,EXIPLON,OTHER,UNIQUE,SYRUP,100,190,228,0,2026-06-30,1,
,,,COUGH (CHILD),,EXIPLON,OTHER,UNIQUE,SYRUP,100,165,198,5,2026-05-31,1,
,,,MULTIVITAMIN,,EMVITE-SYRUP,VITAMINS_MINERAL,FIDSON,SYRUP,100,250,300,42,2025-03-31,1,
,,,CHLOPHENIRAMINE,,BASATON,ANTIHISTAMINE,IMPREST,SYRUP,100,380,456,0,2026-11-30,1,
,,,ORAL MORPHINE,,ORAL MORPHINE,OPIOID,COMPOUNDING,,200,2500,3000,34,2025-05-31,1,
,,,ORAL MORPHINE,,ORAL MORPHINE,OPIOID,COMPOUNDING,,100,1000,1200,10,2025-05-31,1,
,,,SALBUTAMOL,,AEROLINE,BRONCHODILATOR,ADSON,INHALER,0,3800,4560,53,2026-06-30,1,
,,,SERETIDE,,SERETIDE,BRONCHODILATOR,ADSON,INHALER,0,6250,7500,0,2024-07-31,1,
,,,EMTRISIL,,EMTRISIL,OTHER,EMZOR,SYRUP,200,1227,1472.4,30,2027-04-30,1,
,,,ORS,,EMZOLYTE,OTHER,EMZOR,,0,157,188.4,120,2026-09-30,1,
,,,VITAMIN A+C+E+ZINC+SELENIUM,,SELACE,VITAMINS_MINERAL,ZOLON,CAPSULE,30,7245,8694,84,2024-09-30,1,
,,,OMEPRAZOLE,20MG,OMEPRAZOLE,GASTROINTESTINAL,ADSON,CAPSULE,14,480,576,1650,2026-05-31,1,
,,,VITAMIN A ,"20,000IU",VITAMIN A,VITAMINS_MINERAL,IMPREST,CAPSULE,30,1100,1320,0,2026-05-31,1,
,,,VITAMIN E,,ENAT 400,VITAMINS_MINERAL,MEGALIFE,CAPSULE,30,5500,6600,720,2026-02-28,1,
,,,FERROUS SULPHATE,,FEROBIN PLUS,VITAMINS_MINERAL,FIDSON,CAPSULE,30,935,1122,100,2026-02-28,1,
,,,PREGABALIN,75MG,LIGABA,ANTICONVULSANT,MEGALIFE,CAPSULE,30,4400,5280,560,2026-01-31,1,
,,,TRAMADOL + PCM,,ANTALGEX-T,OPIOID,WWCV,CAPSULE,20,4539,5446.8,2420,2025-05-31,1,
,,,FLUCONAZOLE,150MG,FLUCOX,ANTIFUNGAL,PHARMATEX,CAPSULE,10,450,540,60,2024-12-31,1,
,,,CHONDROITIN + GLUCOSAMINE,,JOINTFLEX,OTHER,ELBE,CAPSULE,30,3650,4380,95,2025-04-30,1,
,,,CLINDAMYCIN,150MG,DALACIN-C,ANTIBIOTIC,PFIZER,CAPSULE,100,29098,34917.6,80,2026-05-31,1,
,,,CLINDAMYCIN,150MG,DALACAP,ANTIBIOTIC,DONY TRUIMPH,CAPSULE,100,9800,11760,30,2026-10-31,1,
,,,CLINDAMYCIN,300MG,CLINDACIN,ANTIBIOTIC,BIOGENERICS,CAPSULE,30,7800,9360,0,2025-11-30,1,
,,,CLINDAMYCIN,300MG,CLINDAMYCIN,ANTIBIOTIC,DONY TRUIMPH,CAPSULE,100,12000,14400,0,2025-12-31,1,
,,,DICLOFENAC + CHOLESTYRAMINE,,FLOTAC,NSAID,WWCV,CAPSULE,20,9867,11840.4,20,2026-04-30,1,
,,,"VITAMIN B,B",,NAT-B,VITAMINS_MINERAL,MEGALIFE,CAPSULE,30,6500,7800,810,2025-09-30,1,
,,,AZITHROMYCIN,250MG,AZITHROMYCIN,ANTIBIOTIC,ZOLON,CAPSULE,6,1120,1344,180,2026-06-30,1,
,,,AZITHROMYCIN,500MG,AZITHROMYCIN,ANTIBIOTIC,ZOLON,CAPSULE,3,1120,1344,0,2025-08-31,1,
,,,FERROUS SULPHATE,,MAXIRON,VITAMINS_MINERAL,SAM,CAPSULE,30,1050,1260,0,2025-11-30,1,
,,,AMOXYCILLIN,500MG,MIRAMOX,ANTIBIOTIC,MIRAFLASH,CAPSULE,100,5600,6720,20,2026-12-31,1,
,,,PREGABALIN,75MG,LYRICA,ANTICONVULSANT,WWCV,CAPSULE,28,6668.5,8002.2,0,2026-02-28,1,
,,,IBUPROFEN,400MG,REXIFEN,NSAID,SKG,CAPSULE,100,1590.88,1909.056,8,2026-06-30,1,
,,,DOXYCYCLINE,100MG,DOXIN,ANTIBIOTIC,GENEITH,CAPSULE,100,1265,1518,85,2025-07-31,1,
,,,CALCITROL,0.25MG,MEDITROL,VITAMINS_MINERAL,MEGALIFE,CAPSULE,30,7000,8400,170,2027-03-31,1,
,,,PREGABALIN,75MG,NEURACALM,ANTICONVULSANT,BIOGENERICS,CAPSULE,30,1125,1350,944,2026-11-30,1,
,,,CELECOXIB,200MG,XENOBREX 200MG,NSAID,BOCHE,CAPSULE,10,1455,1746,1350,2026-09-30,1,
,,,NORMAL SALINE,500,NORMAL SALINE,OTHER,CUREJECT,I.V FLUIDS,500,567,680.4,3490,2027-10-28,1,
,,,NORMAL SALINE,1000,NORMAL SALINE,OTHER,JUHEL,I.V FLUIDS,1000,1150,1380,3900,2025-12-31,1,
,,,NORMAL SALINE,1000,NORMAL SALINE,OTHER,CUREJECT,I.V FLUIDS,1000,1038.5,1246.2,360,2027-06-30,1,
,,,DEXTROSE WATER,5.00%,DEXTROSE WATER,OTHER,UNIQUE,I.V FLUIDS,500,567,680.4,2240,30/10/2027,1,
,,,DEXTROSE WATER,10.00%,DEXTROSE WATER,OTHER,FIDSON,I.V FLUIDS,500,495,594,60,2026-10-31,1,
,,,DEXTROSE WATER,50.00%,DEXTROSE WATER,OTHER,UNIQUE,I.V FLUIDS,500,450,540,50,2025-04-30,1,
,,,DEXTROSE WATER,50.00%,DEXTROSE WATER,OTHER,CUREJECT,I.V FLUIDS,500,422.33,506.796,75,2026-06-30,1,
,,,DEXTROSE SALINE,5.00%,DEXTROSE SALINE,OTHER,FIDSON,I.V FLUIDS,500,534.85,641.82,340,2027-08-31,1,
,,,DEXTROSE SALINE,4.30%,PAEDIATRIC SALINE,OTHER,FIDSON,I.V FLUIDS,500,369,442.8,1010,2027-01-31,1,
,,,MANNITOL,10.00%,MANNITOL,OTHER,UNIQUE,I.V FLUIDS,500,550,660,60,2025-11-30,1,
,,,MANNITOL,20.00%,MANNITOL,OTHER,UNIQUE,I.V FLUIDS,500,550,660,0,2025-12-31,1,
,,,METRONIDAZOLE,100,METRONIDAZOLE,ANTIBIOTIC,FIDSON,I.V FLUIDS,1000,365,438,0,2025-12-31,1,
,,,METRONIDAZOLE,100,METRONIDAZOLE,ANTIBIOTIC,CUREJECT,I.V FLUIDS,100,416.56,499.872,1075,2025-12-31,1,
,,,LEVOFLOXACIN,100,LEVOFLOXACIN,ANTIBIOTIC,UNIQUE,I.V FLUIDS,100,480,576,290,2025-01-31,1,
,,,FULL STRENGTH DARROWS,,HARTMAN SOLUTION,OTHER,FIDSON,I.V FLUIDS,500,495,594,120,2026-08-31,1,
,,,HALF STRENGTH DARROWS,,HARTMAN SOLUTION,OTHER,FIDSON,I.V FLUIDS,500,495,594,120,2026-02-28,1,
,,,CIPROFLOXACIN,,CIPROFLOXACIN,ANTIBIOTIC,SHALINA,I.V FLUIDS,100,230,276,250,2025-02-28,1,
,,,IV PARACETAMOL,100,THERMODOL,ANALGESIC,WWCV,I.V FLUIDS,100,1464,1756.8,50,2026-04-30,1,
,,,RINGERS LACTATE,,RINGERS,OTHER,UNIQUE,I.V FLUIDS,500,537.5,645,20,2027-05-30,1,
,,,DICLOFENAC GEL,,DICLOFENAC,NSAID,CHI PHARMA,CREAM,0,660,792,100,2027-10-31,1,
,,,DICLOFENAC + METHYLSALISYLATE,,ROCKOX GEL,NSAID,AQUATIX,CREAM,0,520,624,72,2026-11-30,1,
,,,DICLOFENAC GEL,,RUFENAC,NSAID,SHALINA,CREAM,0,495,594,168,2027-01-31,1,
,,,HYDROCORTISONE CREAM,,H-CORT,CORTICOSTEROID,FIDSON,CREAM,25,385,462,100,2025-06-30,1,
,,,KETACONAZOLE CREAM,,KETAZOL,ANTIFUNGAL,GENEITH,CREAM,30,391,469.2,12,2026-02-28,1,
,,,CLOTRIMAZOLE CREAM,,CLOTRIDERM,ANTIFUNGAL,FIDSON,CREAM,20,200,240,110,2026-07-31,1,
,,,GENTAMICIN CREAM,,GENTAMICIN,ANTIBIOTIC,CHI PHARMA,CREAM,20,326,391.2,60,2027-01-31,1,
,,,PROVIDONE IODINE ,100MG,PROVIDONE IODINE,OTHER,ANNIE PHARMA,CREAM,100,139,166.8,100,2026-08-30,1,
,,,SILVER SULPHADIAZINE CREAM,,SULPHADIAZINE,ANTIBIOTIC,FIDSON,,25,275,330,0,2024-07-31,1,
,,,CHLORAMPHENICOL EYE DROP,,CHLORAMPHENICOL,OPHTHALMIC,FIDSON,,5,120,144,0,2025-03-31,1,
,,,OFLOXACIN EYE DROP,,OXVID,OPHTHALMIC,ADSON,,5,400,480,60,2026-04-30,1,
,,,CIPROFLOXACIN EYE DROP,,ZYCIN,OPHTHALMIC,ADSON,,5,400,480,170,2025-12-31,1,
,,,INJ PENTAZOCINE,30MG,G PENT,OPIOID,AQUATIX,INJECTION,10,8500,10200,700,2027-03-31,1,
,,,INJ PENTAZOCINE,30MG,PILAT,OPIOID,ZOLON,INJECTION,100,"18,350",22020,32,2026-02-28,1,
,,,INJ ENOXAPARIN,40MG,CUTENOX,ANTICOAGULANT,FIDSON,INJECTION,0,"7,260",8712,,,1,
,,,INJ DEXAMETHASONE,,DEXAMETHASONE,CORTICOSTEROID,ADSON,INJECTION,10,600,720,5,2026-11-30,1,
,,,INJ CEFTRIAXONE ,1G,ROCEPHIN,ANTIBIOTIC,WWCV,INJECTION,0,"5,234",6280.8,2860,2027-04-30,1,
,,,INJ CEFTRIAXONE ,1G,EBECEF,ANTIBIOTIC,ELBE,INJECTION,0,550,660,0,2026-04-30,1,
,,,INJ CEFTRIAXONE ,1G,CEFTAP,ANTIBIOTIC,TAMAR & PHAREZ,INJECTION,0,700,840,900,2025-12-31,1,
,,,INJ CEFTRIAXONE ,1G,CEFTRIAXONE,ANTIBIOTIC,EVANS,INJECTION,0,,0,0,2025-02-28,1,
,,,INJ CEFTRIAXONE ,1G,AQUAZONE,ANTIBIOTIC,AQUATIX,INJECTION,0,540,648,0,2025-05-31,1,
,,,INJ CEFTRIAXONE ,1G,CEFTRIAXONE,ANTIBIOTIC,EDEN,INJECTION,0,720,864,720,2025-12-31,1,
,,,CEFTRIAXONE+ SYLBACTAM ,1G,TANDAK,ANTIBIOTIC,MARCSON,INJECTION,0,"2,050",2460,1000,2025-11-30,1,
,,,CEFUROXIME,750MG,EPIZIDE,ANTIBIOTIC,DONY TRIUMPH,INJECTION,0,"1,400",1680,165,2026-10-31,1,
,,,HALOTHANE,,HALTHANE,ANAESTHETIC,CUREJECT,INJECTION,250,"40,000",48000,0,,1,
,,,ISOFLURANE,,ISOFLURANE,ANAESTHETIC,CUREJECT,INJECTION,250,"55,000",66000,125,31/08/2026,1,
,,,SEVOFLURANE,,SEVOFLURANE,ANAESTHETIC,CUREJECT,INJECTION,250,"45,000",54000,90,31/07/2027,1,
,,,POTASSIUM CHLORIDE,,POTASSIUM CHLORIDE,OTHER,EXCEL CHARIS,INJECTION,0,854,1024.92,30,2026-07-31,1,
,,,PARACETAMOL,300MG,PARACETAMOL,ANALGESIC,DONY TRIUMPH,INJECTION,100,"8,700",10440,40,2026-05-31,1,
,,,OMEPRAZOLE,40MG,OMEPRAZOLE,GASTROINTESTINAL,DONY TRIUMPH,INJECTION,0,600,720,850,2026-08-31,1,
,,,OMEPRAZOLE,40MG,OMEPRAZOLE,GASTROINTESTINAL,ZOLON,INJECTION,0,340,408,10,2025-09-30,1,
,,,KETAMINE,500MG,KETAMINE,ANAESTHETIC,ALPHA PHARMA,INJECTION,0,"3,600",4320,0,2028-01-31,1,
,,,DICLOFENAC,75MG,DICLOFENAC,NSAID,ADSOV,INJECTION,10,650,780,0,2027-02-28,1,
,,,DICLOFENAC,75MG,DICLOFENAC,NSAID,,INJECTION,100,"1,500",1800,591,2027-07-31,1,
,,,DIAZEPAM,10MG,DIAZEPAM,SEDATIVES_HYPNOTIC,PURE GENERICS,INJECTION,0,200,240,100,2026-11-30,1,
,,,FRUSEMIDE,,LASIX,DIURETIC,ADSOV,INJECTION,0,48,57.6,0,2026-08-31,1,
,,,ONDASETRON,4MG,ONSETT,ANTIEMETIC,INTERPHARMA,INJECTION,0,500,600,120,2025-12-31,1,
,,,ARTEETHER,150MG,ARTEETHER,ANTIPARASITIC,ADSOV,INJECTION,3,"1,900",2280,120,2026-12-31,1,
,,,PROPOFOL,,PROPOFOL,ANAESTHETIC,JAWA,INJECTION,20,"3,146",3775.2,120,2026-04-30,1,
,,,LIGNOCAINE,2.00%,LIGNOCAINE,ANAESTHETIC,PURE GENERICS,INJECTION,0,850,1020,5,2026-09-30,1,
,,,LIGNOCAINE ADRENALINE,,LIGNOCAINE ADRENALINE,ANAESTHETIC,PURE GENERICS,INJECTION,0,"1,500",1800,0,2025-02-28,1,
,,,TETANUS TOXOID,,TT,VACCINE,ZOLON,INJECTION,0,"1,150",1380,0,2025-02-28,1,
,,,ANTI TETANUS SERUM,,ATS,VACCINE,ADSOV,INJECTION,0,"1,110",1332,10,2025-04-01,1,
,,,AMOXYCILIN CLAVULANIC ACID,1.2G,AMOXYCILIN CLAVULANIC ACID,ANTIBIOTIC,TAMAR & PHAREZ,INJECTION,0,"1,200",1440,30,2025-10-31,1,
,,,RANITIDINE,,RANITIDINE,GASTROINTESTINAL,ADSOV,INJECTION,10,"4,500",5400,3,2026-07-31,1,
,,,SUXAMETHONIUM,100MG,SUXA,MUSCLE_RELAXANT,ADSOV,INJECTION,0,845,1014,495,2026-12-31,1,
,,,GLYCOPYROLATE,,GLYCOPYROLATE,ANTIHISTAMINE,ADSOV,INJECTION,0,"1,593",1911,375,2025-09-30,1,
,,,ARTEMETHER,,ARTEMETHER,ANTIPARASITIC,ADSOV,INJECTION,6,680,816,0,2026-10-31,1,
,,,ATROPINE,,ATROPINE,ANTIHISTAMINE,ADSOV,INJECTION,0,120,144,985,2025-03-31,1,
,,,TRANEXAMIC ACID,500MG,TRANEXAMIC ACID,ANTIFIBRINOLYTICS,WWCV,INJECTION,0,750,900,0,2025-02-28,1,
,,,MIDAZOLAM,5MG,MIDAZOLAM,SEDATIVES_HYPNOTIC,BIOGENERICS,INJECTION,0,"7,000",8400,100,2025-12-31,1,
,,,KETAMINE,,KETAMINE,ANAESTHETIC,DONY TRIUMPH,INJECTION,0,"2,400",2880,9,2025-04-30,1,
,,,HYDROCORTISONE ,100MG,HYDROCORTISONE,CORTICOSTEROID,ELBE,INJECTION,0,395,474,570,2026-10-31,1,
,,,MAGNESIUM SULPHATE,,MAGNESIUM SULPHATE,OTHER,ADSOV,INJECTION,0,"1,080",1296,40,2025-01-31,1,
,,,PROMETHAZINE,50MG,PROMETHAZINE,ANTIEMETIC,IMPREST,INJECTION,10,700,840,12,2026-05-31,1,
,,,METHYLPREDNISOLONE,,METHYLPREDNISOLONE,CORTICOSTEROID,ADSOV,INJECTION,0,850,1020,75,2025-02-28,1,
,,,ACUPAN,,ACUPAN,OTHER,MERIT,INJECTION,5,"3,200",3840,40,2025-12-31,1,
,,,METOCLOPRAMIDE,,PLASIL,GASTROINTESTINAL,IMPREST,INJECTION,10,480,576,2,2026-06-30,1,
,,,ATRACURIUM,,ATRACURIUM,MUSCLE_RELAXANT,ADSOV,INJECTION,0,"7,246",8695.2,100,2026-02-28,1,
,,,PANCURONIUM,,PANCURONIUM,MUSCLE_RELAXANT,ALPHA PHARMA,INJECTION,0,"1,600",1920,150,2026-12-30,1,
,,,ADRENALINE,,ADRENALINE,OTHER,ADSOV,INJECTION,0,120,144,30,2025-08-31,1,
,,,EPHEDRINE,,EPHEDRINE,OTHER,ADSOV,INJECTION,0,"5,350",6420,100,2026-03-31,1,
,,,PHENYTOIN,,PHENYTOIN,ANTICONVULSANT,ADSOV,INJECTION,0,280,336,130,2026-03-31,1,
,,,MEROPENEM ,,MEROPENEM,ANTIBIOTIC,FIDSON,INJECTION,0,"18,686",22423.2,50,2025-04-30,1,
,,,ARTENUSATE,60MG,ARTENUSATE,ANTIPARASITIC,DONY TRIUMPH,INJECTION,0,750,900,60,2026-12-31,1,
,,,DOXORUBICIN,,DOXORUBICIN,ANTINEOPLASTIC,EXCEL CHARIS,INJECTION,0,"8,249",9898.8,70,2026-07-31,1,
,,,CISPLATIN,,CISPLATIN,ANTINEOPLASTIC,EXCEL CHARIS,INJECTION,0,"10,121",12145.2,70,2026-02-28,1,
,,,GENTAMICIN,,GENTALEK,ANTIBIOTIC,TAYLEK,INJECTION,50,"10,930",13116,0,2026-12-31,1,
,,,OXYTOCIN,,OXYTOCIN,HORMONE,IMPREST,INJECTION,0,85,102,40,2025-05-31,1,
,,,BUPIVACAINE HEAVY,,HEAVY MARCAINE,ANAESTHETIC,IMPREST,INJECTION,0,"1,970",2364,370,2027-09-30,1,
,,,BUPIVACAINE PLAIN,,PLAIN MARCAINE,ANAESTHETIC,,INJECTION,0,4900,5880,226,31/07/2026,1,
,,,INSULIN SOLUBLE,,ACTRAPID,HORMONE,WWCV,INJECTION,0,"11,765",14118,35,2025-03-31,1,
,,,INSULIN ,,MIXTARD,HORMONE,WWCV,INJECTION,0,"11,765",14118,19,2026-03-31,1,
,,,FILGRASTIM,300MG,FILGRASTIM,HORMONE,EXCEL CHARIS,INJECTION,0,"11,759",14110.8,58,2026-12-31,1,
,,,VANCOMYCIN ,,VANCOMYCIN,ANTIBIOTIC,IMPREST,INJECTION,0,"3,700",4440,0,2025-12-31,1,
,,,SCALP VEIN NEEDLE size 22,,SCALP VEIN NEEDLE size 22,CONSUMABLES,IMPREST,,,40,48,100,2028-04-30,1,
,,,INCONPAD DISPOSABLE BED SHEETS /PER PIECE,,INCONPAD DISPOSABLE BED SHEETS /PER PIECE,CONSUMABLES,IMPREST,,,18000,21600,10,,1,
,,,SURGICAL GLOVE size 7,,SURGICAL GLOVE size 7,CONSUMABLES,IMPREST,,,9500,11400,9,2027-06-30,1,
,,,SURGICAL GLOVE size 8,,SURGICAL GLOVE size 8,CONSUMABLES,IMPREST,,,9500,11400,9,2027-06-30,1,
,,,SUNCTION CATHETER,,SUCTION CATHETER,CONSUMABLES,IMPREST,,,500,600,40,2028-05-31,1,
,,,BETADINE/PYODINE SOLUTION 10% (POVIDONE IODINE) (200),,BETADINE/PYODINE SOLUTION 10% (POVIDONE IODINE) (200),CONSUMABLES,IMPREST,,,8000,9600,10,2025-10-30,1,
,,,POVIDONE IODINE 2/lt,,POVIDONE IODINE 2/lt,CONSUMABLES,IMPREST,,,25000,30000,3,2026-08-31,1,
,,,POVIDONE IODINE 10% (100),,POVIDONE IODINE 10% (100),CONSUMABLES,IMPREST,,,1395,1674,40,2026-08-31,1,
,,,ADHESIVE PLASTER 6,,ADHESIVE PLASTER 6,CONSUMABLES,IMPREST,,,4000,4800,57,2028-02-28,1,
,,,FEEDING TUBES (NG TUBE) size 18,,FEEDING TUBES (NG TUBE) size 18,CONSUMABLES,IMPREST,,,400,480,10,2023-12-31,1,
,,,FEEDING TUBES (NG TUBE) size 16,,FEEDING TUBES (NG TUBE) size 16,CONSUMABLES,IMPREST,,,350,420,10,2023-12-31,1,
,,,FEEDING TUBES (NG TUBE) size 8,,FEEDING TUBES (NG TUBE) size 8,CONSUMABLES,IMPREST,,,160,192,45,2027-08-30,1,
,,,FEEDING TUBES (NG TUBE) size 6,,FEEDING TUBES (NG TUBE) size 6,CONSUMABLES,IMPREST,,,160,192,125,2028-05-31,1,
,,,K-Y JELLY,,K-Y JELLY,CONSUMABLES,IMPREST,,,105,126,96,2026-12-31,1,
,,,ORTHOBOND 4,,ORTHOBOND 4,CONSUMABLES,IMPREST,,,475,570,36,,1,
,,,ORTHOBOND 6,,ORTHOBOND 6,CONSUMABLES,IMPREST,,,666.6,799.92,72,2024-07-31,1,
,,,2-WAY CATHETER 16G ,,2-WAY CATHETER 16G ,CONSUMABLES,IMPREST,,,840,1008,50,2029-07-31,1,
,,,2-WAY CATHETER 18G ,,2-WAY CATHETER 18G ,CONSUMABLES,IMPREST,,,860,1032,50,2025-11-30,1,
,,,3-WAY CATHETER 16G ,,3-WAY CATHETER 16G,CONSUMABLES,IMPREST,,,890,1068,110,2028-06-03,1,
,,,3-WAY CATHETER 18G ,,3-WAY CATHETER 18G,CONSUMABLES,IMPREST,,,880,1056,50,2025-11-30,1,
,,,BLOOD GIVING SET ,,BLOOD GIVING SET ,CONSUMABLES,IMPREST,,,405,486,200,2028-09-30,1,
,,,CANNULA 16G ,,CANNULA 16G ,CONSUMABLES,IMPREST,,,190,228,700,2026-09-30,1,
,,,CANNULA 18G ,,CANNULA 18G ,CONSUMABLES,IMPREST,,,500,600,250,2027-07-30,1,
,,,CANNULA 20G ,,CANNULA 20G ,CONSUMABLES,IMPREST,,,210,252,250,2029-03-31,1,
,,,CANNULA 22G ,,CANNULA 22G ,CONSUMABLES,IMPREST,,,210,252,400,2029-05-31,1,
,,,CANNULA 24G ,,CANNULA 24G ,CONSUMABLES,IMPREST,,,100,120,30,2025-12-31,1,
,,,CREPE BANDAGE 4 ,,CREPE BANDAGE 4 ,CONSUMABLES,IMPREST,,,566.6,679.92,312,2029-06-30,1,
,,,CREPE BANDAGE 6 ,,CREPE BANDAGE 6 ,CONSUMABLES,IMPREST,,,483.3,579.96,228,2029-07-31,1,
,,,INFUSION GIVING SET ,,INFUSION GIVING SET ,CONSUMABLES,IMPREST,,,176,211.2,400,2027-05-31,1,
,,,LATEX (EXAMINATION)HAND GLOVE ,,LATEX (EXAMINATION)HAND GLOVE ,CONSUMABLES,IMPREST,,,3700,4440,40,2027-05-31,1,
,,,POP 6 ,,POP 6 ,CONSUMABLES,IMPREST,,,1000,1200,96,2029-06-30,1,
,,,SOFRATULLE GAUZE/DRESSING ,,SUFRATULLE,CONSUMABLES,IMPREST,,,230,276,550,2028-07-30,1,
,,,URINE BAG ,,URINE BAG ,CONSUMABLES,IMPREST,,,580,696,150,2028-08-30,1,
,,,Eusol lotion (100),,Eusol Solution,CONSUMABLES,IMPREST,,,150,180,48,2026-02-28,1,
,,,Hydrogen Peroxide (H2O2) (100) ,,Hydrogen Peroxide (H2O2) (100) ,CONSUMABLES,IMPREST,,,266,319.2,36,2027-03-31,1,
,,,CHEST TUBE 30,,CHEST TUBE 30,CONSUMABLES,IMPREST,,,2500,3000,2,2028-04-30,1,
,,,CHEST TUBE 16,,CHEST TUBE 16,CONSUMABLES,IMPREST,,,2400,2880,10,2027-03-31,1,
,,,CHEST TUBE 22,,CHEST TUBE 22,CONSUMABLES,IMPREST,,,2500,3000,2,2025-12-31,1,
,,,CHEST TUBE 20,,CHEST TUBE 20,CONSUMABLES,IMPREST,,,2400,2880,8,2025-12-31,1,
,,,CHEST TUBE 18,,CHEST TUBE 18,CONSUMABLES,IMPREST,,,2400,2880,8,2027-03-31,1,
,,,NEOSTIGMINE,,NEOSTIGMINE,ANAESTHETIC,,INJECTION,,790.5,948.6,450,28/02/2027,1,
,,,LIDOCAINE ADRENALINE,,LIDOCAINE PLUS,ANAESTHETIC,,INJECTION,,850,1020,4,31/01/2025,1,
,,,DICLOFENAC,75MG,DICLOFENAC,NSAID,RICNOS,INJECTION,100,"1,500",1800,591,2027-07-30,1,
,,,INJ ENOXAPARIN,40MG,CLEXANE,ANTICOAGULANT,ASSEN LABOREX,INJECTION,0,"15,860",19032, 924.00 ,31/12/2025,1,
